City_ID,City,Country,Date,Lat,Lng,Max Temp,Humidity,Cloudiness,Wind Speed
0,Cape Town,ZA,2022-09-18 22:47:36,-33.9258,18.4232,56.08,74,20,9.22
1,Hermanus,ZA,2022-09-18 22:50:37,-34.4187,19.2345,48.79,78,68,10.0
2,Batticaloa,LK,2022-09-18 22:50:38,7.7102,81.6924,79.23,78,100,4.52
3,Port Alfred,ZA,2022-09-18 22:50:38,-33.5906,26.891,56.17,95,100,5.01
4,Ihosy,MG,2022-09-18 22:50:38,-22.4,46.1167,60.1,87,66,6.87
5,Dikson,RU,2022-09-18 22:45:41,73.5069,80.5464,30.79,78,12,16.33
6,Arraial Do Cabo,BR,2022-09-18 22:50:39,-22.9661,-42.0278,66.06,72,20,3.44
7,Mayahi,NE,2022-09-18 22:50:39,13.9553,7.6712,85.17,52,63,3.0
8,Igrim,RU,2022-09-18 22:50:40,63.1906,64.4162,49.24,78,4,13.0
9,Puerto Ayora,EC,2022-09-18 22:50:40,-0.7393,-90.3518,73.36,85,77,4.0
10,Faya,SA,2022-09-18 22:50:42,18.3851,42.4509,69.91,58,76,2.64
11,La Ronge,CA,2022-09-18 22:50:43,55.1001,-105.2842,62.85,45,40,11.5
12,Bredasdorp,ZA,2022-09-18 22:50:44,-34.5322,20.0403,49.05,86,59,2.01
13,Pochutla,MX,2022-09-18 22:50:44,15.7432,-96.4661,80.13,82,50,7.52
14,Columbus,US,2022-09-18 22:47:36,39.9612,-82.9988,81.19,57,75,10.36
15,Santa Rosa,PH,2022-09-18 22:49:46,14.3122,121.1114,78.78,94,100,4.59
16,Georgetown,MY,2022-09-18 22:50:45,5.4112,100.3354,78.89,92,20,2.3
17,Kardla,EE,2022-09-18 22:50:45,58.9978,22.7492,52.05,81,61,9.37
18,Daru,PG,2022-09-18 22:50:45,-9.0763,143.2092,81.52,84,92,11.07
19,Punta Arenas,CL,2022-09-18 22:50:46,-53.15,-70.9167,42.91,75,0,6.91
20,Warri,NG,2022-09-18 22:50:46,5.5167,5.75,75.85,88,100,3.94
21,Rikitea,PF,2022-09-18 22:50:46,-23.1203,-134.9692,72.12,74,41,17.6
22,Port Lincoln,AU,2022-09-18 22:50:47,-34.7333,135.8667,53.53,69,0,10.69
23,Porto Santo,PT,2022-09-18 22:50:47,33.072,-16.3415,71.98,78,40,10.36
24,Busselton,AU,2022-09-18 22:50:47,-33.65,115.3333,51.24,85,86,5.26
25,Fonte Boa,BR,2022-09-18 22:50:48,-2.4959,-66.2662,81.41,70,100,3.2
26,New Norfolk,AU,2022-09-18 22:50:49,-42.7826,147.0587,53.1,69,95,3.0
27,Pevek,RU,2022-09-18 22:50:50,69.7008,170.3133,32.65,97,100,17.65
28,Develi,TR,2022-09-18 22:50:50,38.3906,35.4922,61.95,73,0,1.39
29,Berlevag,NO,2022-09-18 22:50:50,70.8578,29.0864,44.6,100,100,16.11
30,Buin,CL,2022-09-18 22:50:51,-33.7333,-70.75,54.43,71,96,3.62
31,Quatre Cocos,MU,2022-09-18 22:50:52,-20.2078,57.7625,71.71,79,29,14.97
32,Kapaa,US,2022-09-18 22:50:52,22.0752,-159.319,85.1,74,40,11.5
33,Jamestown,US,2022-09-18 22:50:53,42.097,-79.2353,74.95,57,100,4.61
34,Upernavik,GL,2022-09-18 22:50:53,72.7868,-56.1549,37.17,72,100,2.73
35,Benghazi,LY,2022-09-18 22:50:53,32.1167,20.0667,79.02,80,0,7.65
36,Katsuura,JP,2022-09-18 22:50:54,35.1333,140.3,80.6,89,65,18.01
37,Cornwall,CA,2022-09-18 22:50:55,45.0181,-74.7281,70.84,94,100,5.75
38,Victoria,HK,2022-09-18 22:47:23,22.2855,114.1577,82.33,83,58,11.99
39,Mataura,NZ,2022-09-18 22:50:57,-46.1927,168.8643,52.09,69,100,2.84
40,Jinka,ET,2022-09-18 22:50:57,5.65,36.65,69.84,53,93,4.21
41,Lorengau,PG,2022-09-18 22:50:58,-2.0226,147.2712,84.33,68,34,4.68
42,Ust-Kuyga,RU,2022-09-18 22:50:59,70.0167,135.6,33.48,94,100,7.25
43,Hobart,AU,2022-09-18 22:51:01,-42.8794,147.3294,53.46,65,40,9.22
44,Chuy,UY,2022-09-18 22:52:02,-33.6971,-53.4616,58.05,80,100,9.98
45,Qaanaaq,GL,2022-09-18 22:52:02,77.484,-69.3632,22.24,54,0,8.61
46,Talnakh,RU,2022-09-18 22:52:04,69.4865,88.3972,43.21,100,100,2.8
47,Gornyak,RU,2022-09-18 22:52:05,50.9942,81.4661,44.24,62,0,4.92
48,Sorong,ID,2022-09-18 22:52:05,-0.8833,131.25,78.84,81,100,4.52
49,Cheremshanka,RU,2022-09-18 22:52:06,56.1192,60.268,55.04,96,100,3.94
50,Ushuaia,AR,2022-09-18 22:52:06,-54.8,-68.3,42.46,65,0,9.22
51,Uddevalla,SE,2022-09-18 22:52:06,58.3478,11.9424,55.76,84,33,3.0
52,Hasaki,JP,2022-09-18 22:52:07,35.7333,140.8333,81.28,88,57,19.69
53,Albany,US,2022-09-18 22:49:08,42.6001,-73.9662,72.59,86,96,1.99
54,Airai,TL,2022-09-18 22:52:07,-8.9266,125.4092,67.62,36,80,2.37
55,Saint Anthony,US,2022-09-18 22:52:08,45.0205,-93.218,70.93,67,0,3.44
56,Kimparana,ML,2022-09-18 22:52:09,12.8347,-4.9244,77.18,79,69,7.18
57,Longyearbyen,SJ,2022-09-18 22:52:10,78.2186,15.6401,30.04,74,75,6.91
58,Yerbogachen,RU,2022-09-18 22:52:10,61.2767,108.0108,42.08,96,100,8.81
59,Xining,CN,2022-09-18 22:52:11,36.6167,101.7667,55.67,84,100,1.43
60,Beringovskiy,RU,2022-09-18 22:52:12,63.05,179.3167,40.19,77,99,11.65
61,Bahia De Caraquez,EC,2022-09-18 22:52:12,-0.6,-80.4167,75.38,82,75,11.63
62,Saint-Philippe,RE,2022-09-18 22:52:13,-21.3585,55.7679,71.19,83,49,12.53
63,Hilo,US,2022-09-18 22:52:14,19.7297,-155.09,86.29,78,100,6.91
64,Homer,US,2022-09-18 22:52:15,59.6425,-151.5483,56.77,76,100,3.44
65,Westport,US,2022-09-18 22:48:37,41.1415,-73.3579,80.74,68,0,13.8
66,Pangnirtung,CA,2022-09-18 22:52:17,66.1451,-65.7125,42.35,65,12,4.59
67,Yellowknife,CA,2022-09-18 22:51:25,62.456,-114.3525,52.32,76,75,8.01
68,Saint George,US,2022-09-18 22:48:43,37.1041,-113.5841,93.25,16,0,14.97
69,Banjar,ID,2022-09-18 22:52:18,-8.19,114.9675,74.61,77,80,5.57
70,Butaritari,KI,2022-09-18 22:52:19,3.0707,172.7902,80.96,79,7,15.3
71,Kudahuvadhoo,MV,2022-09-18 22:52:20,2.6708,72.8944,81.59,69,98,6.71
72,Lodwar,KE,2022-09-18 22:52:21,3.1191,35.5973,81.84,42,67,15.86
73,Severo-Kurilsk,RU,2022-09-18 22:52:24,50.6789,156.125,52.39,93,90,17.72
74,Mahebourg,MU,2022-09-18 22:52:25,-20.4081,57.7,71.89,78,40,11.5
75,Sao Paulo De Olivenca,BR,2022-09-18 22:52:25,-3.3783,-68.8725,83.48,62,100,1.9
76,Kavieng,PG,2022-09-18 22:52:25,-2.5744,150.7967,82.81,75,77,12.39
77,Kislyakovskaya,RU,2022-09-18 22:52:26,46.4417,39.675,71.04,61,28,14.47
78,Bengkulu,ID,2022-09-18 22:52:26,-3.8004,102.2655,74.48,89,100,2.51
79,Khatanga,RU,2022-09-18 22:52:27,71.9667,102.5,24.89,82,12,10.33
80,Zhigansk,RU,2022-09-18 22:52:27,66.7697,123.3711,32.97,80,97,11.01
81,Sandwick,GB,2022-09-18 22:52:27,60.0,-1.25,46.22,81,74,4.61
82,Celestun,MX,2022-09-18 22:52:27,20.8667,-90.4,84.45,75,2,18.84
83,Barrow,US,2022-09-18 22:52:28,71.2906,-156.7887,39.22,87,75,14.97
84,Ternate,ID,2022-09-18 22:52:28,0.8,127.4,80.67,77,94,5.64
85,Olafsvik,IS,2022-09-18 22:52:29,64.8945,-23.7142,49.37,90,100,18.01
86,Cayenne,GF,2022-09-18 22:52:30,4.9333,-52.3333,82.44,78,0,4.61
87,Shingu,JP,2022-09-18 22:53:30,33.7333,135.9833,79.36,93,100,17.09
88,Kalabo,ZM,2022-09-18 22:53:31,-14.97,22.6814,72.1,34,20,3.87
89,Camana,PE,2022-09-18 22:53:32,-16.6228,-72.7111,60.44,85,65,9.55
90,Faanui,PF,2022-09-18 22:53:33,-16.4833,-151.75,78.75,71,21,19.53
91,Abu Dhabi,AE,2022-09-18 22:53:33,24.4667,54.3667,87.91,65,0,2.3
92,Monterey,US,2022-09-18 22:50:48,36.2505,-121.2516,64.17,1,96,12.41
93,Tasiilaq,GL,2022-09-18 22:53:34,65.6145,-37.6368,41.99,95,100,17.85
94,Palmares Do Sul,BR,2022-09-18 22:49:21,-30.2578,-50.5097,63.03,71,69,22.21
95,Ahipara,NZ,2022-09-18 22:53:34,-35.1667,173.1667,61.14,89,100,14.58
96,Jumla,NP,2022-09-18 22:53:35,29.2747,82.1838,60.26,93,97,0.65
97,Hithadhoo,MV,2022-09-18 22:53:35,-0.6,73.0833,81.52,74,98,8.01
98,Mayumba,GA,2022-09-18 22:53:35,-3.432,10.6554,75.09,88,100,7.14
99,Bauchi,NG,2022-09-18 22:53:36,10.5,10.0,72.41,91,100,2.15
100,Hualmay,PE,2022-09-18 22:53:37,-11.0964,-77.6139,62.74,83,20,10.96
101,Nsanje,MW,2022-09-18 22:53:38,-16.92,35.262,73.96,57,0,4.63
102,Itarema,BR,2022-09-18 22:53:20,-2.9248,-39.9167,78.1,83,50,15.08
103,Port Hardy,CA,2022-09-18 22:49:57,50.6996,-127.4199,64.58,59,40,10.36
104,Tuktoyaktuk,CA,2022-09-18 22:53:41,69.4541,-133.0374,51.8,71,75,12.66
105,Guerrero Negro,MX,2022-09-18 22:53:41,27.9769,-114.0611,73.45,64,0,16.82
106,Anadyr,RU,2022-09-18 22:53:42,64.75,177.4833,37.9,100,75,8.95
107,Paidha,UG,2022-09-18 22:53:43,2.4167,30.9855,60.1,89,98,5.32
108,Monchique,PT,2022-09-18 22:53:44,37.3177,-8.5553,70.14,80,73,7.63
109,Tarakan,ID,2022-09-18 22:49:17,3.3,117.6333,76.5,94,40,4.61
110,Camacupa,AO,2022-09-18 22:53:46,-12.0167,17.4833,67.32,67,86,9.46
111,Norman Wells,CA,2022-09-18 22:53:46,65.282,-126.8329,59.04,41,75,9.22
112,Sao Filipe,CV,2022-09-18 22:53:46,14.8961,-24.4956,78.31,76,31,6.62
113,Asau,RO,2022-09-18 22:53:47,46.4333,26.4,49.28,73,18,12.37
114,Provideniya,RU,2022-09-18 22:53:48,64.3833,-173.3,41.36,100,100,8.99
115,Yacuiba,BO,2022-09-18 22:53:48,-22.038,-63.6797,93.97,46,65,0.0
116,Gwadar,PK,2022-09-18 22:53:48,25.1216,62.3254,79.41,81,37,3.4
117,Muncar,ID,2022-09-18 22:53:49,-8.4333,114.3333,73.6,90,81,2.57
118,Natal,BR,2022-09-18 22:49:46,-5.795,-35.2094,80.82,83,40,12.66
119,Altay,CN,2022-09-18 22:53:49,47.8667,88.1167,48.49,22,0,7.99
120,Kruisfontein,ZA,2022-09-18 22:53:50,-34.0033,24.7314,52.34,82,100,7.92
121,Barmer,IN,2022-09-18 22:53:50,25.75,71.3833,80.91,61,0,10.74
122,Klaksvik,FO,2022-09-18 22:53:51,62.2266,-6.589,41.92,70,93,7.96
123,Esperance,AU,2022-09-18 22:53:51,-33.8667,121.9,53.29,88,59,3.8
124,Alofi,NU,2022-09-18 22:53:52,-19.0595,-169.9187,80.49,74,6,14.97
125,Manitouwadge,CA,2022-09-18 22:53:52,49.1215,-85.8403,60.15,99,100,4.65
126,Arlit,NE,2022-09-18 22:53:53,18.7369,7.3853,94.86,26,89,7.85
127,Cherskiy,RU,2022-09-18 22:53:53,68.75,161.3,35.69,60,100,4.52
128,Sambava,MG,2022-09-18 22:53:53,-14.2667,50.1667,66.96,89,7,9.51
129,Niteroi,BR,2022-09-18 22:53:54,-22.8833,-43.1036,67.66,70,0,10.36
130,Kristinehamn,SE,2022-09-18 22:53:54,59.3098,14.1081,48.76,72,99,11.39
131,Mar Del Plata,AR,2022-09-18 22:53:55,-38.0023,-57.5575,56.08,98,100,18.01
132,Tezu,IN,2022-09-18 22:53:56,27.9167,96.1667,75.09,94,36,3.67
133,Erzin,TR,2022-09-18 22:54:57,36.9559,36.2,72.05,81,0,1.1
134,Altagracia De Orituco,VE,2022-09-18 22:54:57,9.8601,-66.3814,74.39,93,97,1.59
135,Mareeba,AU,2022-09-18 22:54:58,-17.0,145.4333,81.48,81,81,5.93
136,Salalah,OM,2022-09-18 22:54:59,17.0151,54.0924,78.35,88,52,2.66
137,Grafton,US,2022-09-18 22:53:35,42.207,-71.6856,77.45,69,20,10.36
138,Bagdarin,RU,2022-09-18 22:55:01,54.4333,113.6,28.65,69,56,2.06
139,Rorvik,NO,2022-09-18 22:55:02,64.8621,11.2373,50.11,87,75,9.22
140,Tiksi,RU,2022-09-18 22:53:33,71.6872,128.8694,33.89,66,98,4.21
141,Russkiy Aktash,RU,2022-09-18 22:55:02,55.0384,52.1214,63.77,85,97,11.36
142,Lapua,FI,2022-09-18 22:55:04,62.9693,23.0088,50.68,99,100,4.0
143,Ambilobe,MG,2022-09-18 22:54:19,-13.2,49.05,66.36,77,0,4.74
144,Bluff,NZ,2022-09-18 22:55:05,-46.6,168.3333,51.64,72,100,10.38
145,Havelock,US,2022-09-18 22:52:04,34.8791,-76.9013,82.36,76,72,4.92
146,Watertown,US,2022-09-18 22:55:06,42.3709,-71.1828,79.18,66,100,5.99
147,Kotel,BG,2022-09-18 22:55:07,42.8833,26.45,47.75,56,1,7.76
148,Riviere-Au-Renard,CA,2022-09-18 22:55:08,48.9957,-64.3971,52.09,61,6,14.99
149,Nanortalik,GL,2022-09-18 22:55:09,60.1432,-45.2371,45.39,80,92,6.62
150,Minot,US,2022-09-18 22:55:10,48.2325,-101.2963,77.81,16,1,11.56
151,Lebu,CL,2022-09-18 22:55:12,-37.6167,-73.65,45.1,69,6,7.43
152,Cidreira,BR,2022-09-18 22:55:12,-30.1811,-50.2056,62.76,77,59,23.42
153,Aklavik,CA,2022-09-18 22:55:14,68.2191,-135.0107,52.83,56,95,11.97
154,Nikolskoye,RU,2022-09-18 22:55:15,59.7035,30.7861,48.09,90,100,3.78
155,Leningradskiy,RU,2022-09-18 22:55:16,69.3833,178.4167,33.55,98,100,20.96
156,Avarua,CK,2022-09-18 22:55:17,-21.2078,-159.775,78.85,73,75,4.61
157,Luderitz,NA,2022-09-18 22:55:18,-26.6481,15.1594,51.67,76,0,13.47
158,Rio Grande,BR,2022-09-18 22:55:19,-32.035,-52.0986,62.71,77,100,18.12
159,Camacha,PT,2022-09-18 22:55:20,33.0833,-16.3333,69.22,78,40,10.36
160,Gangiova,RO,2022-09-18 22:55:21,43.9,23.85,53.74,57,1,7.72
161,Xambioa,BR,2022-09-18 22:55:22,-6.4111,-48.5364,89.94,29,39,6.2
162,Thompson,CA,2022-09-18 22:55:23,55.7435,-97.8558,55.56,94,100,4.61
163,Alekseyevskoye,RU,2022-09-18 22:55:24,55.3071,50.1135,63.23,82,99,15.93
164,Murdochville,CA,2022-09-18 22:55:25,48.9583,-65.5006,47.28,67,5,5.28
165,Bondo,CD,2022-09-18 22:55:26,3.8146,23.6866,67.6,98,98,0.85
166,Ancud,CL,2022-09-18 22:55:27,-41.8697,-73.8203,44.22,79,73,8.84
167,Vaini,TO,2022-09-18 22:55:28,-21.2,-175.2,78.96,78,40,11.5
168,Ketchikan,US,2022-09-18 22:51:27,55.3422,-131.6461,63.07,59,40,10.36
169,Kashi,CN,2022-09-18 22:52:08,39.4547,75.9797,61.81,82,75,8.95
170,Carauari,BR,2022-09-18 22:55:30,-4.8828,-66.8958,82.26,67,100,2.84
171,Codrington,AU,2022-09-18 22:55:31,-38.2667,141.9667,51.03,86,43,12.01
172,Kaitangata,NZ,2022-09-18 22:55:31,-46.2817,169.8464,53.8,60,100,5.1
173,Kuybyshevo,RU,2022-09-18 22:55:32,47.8123,38.9073,67.19,53,100,14.0
174,Noumea,NC,2022-09-18 22:53:32,-22.2763,166.4572,82.38,99,0,7.92
175,Fortuna,US,2022-09-18 22:55:34,40.5982,-124.1573,64.98,80,100,1.01
176,Mecca,SA,2022-09-18 22:55:35,21.4267,39.8261,83.1,47,7,3.33
177,Yumen,CN,2022-09-18 22:55:35,40.2833,97.2,65.19,36,100,11.83
178,Torbay,CA,2022-09-18 22:55:36,47.6666,-52.7314,53.58,71,20,19.57
179,Baykit,RU,2022-09-18 22:55:37,61.67,96.37,44.76,96,100,3.31
180,Wuwei,CN,2022-09-18 22:55:37,37.9281,102.6414,55.27,80,100,1.79
181,Beyneu,KZ,2022-09-18 22:56:39,45.3167,55.2,69.76,33,6,9.98
182,Maceio,BR,2022-09-18 22:56:39,-9.6658,-35.7353,72.84,88,20,3.44
183,Nemuro,JP,2022-09-18 22:56:40,43.3236,145.575,65.37,100,100,4.92
184,Haradok,BY,2022-09-18 22:56:41,55.4624,29.9816,46.51,93,100,18.1
185,Brewster,US,2022-09-18 22:56:42,41.3973,-73.6171,79.74,71,78,6.71
186,Samarai,PG,2022-09-18 22:56:42,-10.6167,150.6667,81.82,83,95,14.99
187,Carnarvon,AU,2022-09-18 22:56:43,-24.8667,113.6333,65.19,60,17,21.45
188,Atuona,PF,2022-09-18 22:56:44,-9.8,-139.0333,76.51,75,13,21.83
189,Supata,CO,2022-09-18 22:56:45,5.061,-74.2372,71.33,93,85,2.51
190,Ichchapuram,IN,2022-09-18 22:56:46,19.1167,84.7,77.56,90,100,4.59
191,Nago,JP,2022-09-18 22:56:46,26.5881,127.9761,80.53,80,97,15.26
192,Nuuk,GL,2022-09-18 22:56:46,64.1835,-51.7216,43.07,89,100,2.71
193,Saskylakh,RU,2022-09-18 22:56:48,71.9167,114.0833,30.38,95,99,6.49
194,Tura,IN,2022-09-18 22:56:48,25.5198,90.2201,74.53,96,92,3.13
195,Ponta Do Sol,PT,2022-09-18 22:56:49,32.6667,-17.1,72.23,96,74,3.89
196,Chokurdakh,RU,2022-09-18 22:56:50,70.6333,147.9167,38.3,57,20,8.5
197,Sitka,US,2022-09-18 22:56:50,57.0531,-135.33,59.52,65,60,7.23
198,Tongren,CN,2022-09-18 22:56:50,27.7172,109.1853,76.15,69,92,3.89
199,Castro,BR,2022-09-18 22:56:51,-24.7911,-50.0119,52.41,92,0,8.08
200,Waitati,NZ,2022-09-18 22:56:51,-45.75,170.5667,50.81,82,100,4.52
201,Port Elizabeth,ZA,2022-09-18 22:56:52,-33.918,25.5701,53.89,96,20,8.05
202,Chattanooga,US,2022-09-18 22:52:46,35.0456,-85.3097,81.16,67,0,1.59
203,Teya,RU,2022-09-18 22:56:53,60.3778,92.6267,42.37,98,99,4.81
204,Longyan,CN,2022-09-18 22:56:53,25.1072,117.0225,72.19,70,7,3.2
205,Rengali,IN,2022-09-18 22:56:54,21.6333,84.05,75.45,93,100,2.93
206,Geraldton,AU,2022-09-18 22:56:54,-28.7667,114.6,57.61,72,75,21.85
207,Antalaha,MG,2022-09-18 22:56:56,-14.9003,50.2788,67.14,85,17,6.69
208,Port Hedland,AU,2022-09-18 22:56:56,-20.3167,118.5667,68.05,88,0,8.05
209,Kozhva,RU,2022-09-18 22:56:56,65.1073,57.0459,43.88,97,85,5.55
210,Ribeira Grande,PT,2022-09-18 22:56:57,38.5167,-28.7,73.89,89,88,5.66
211,Malibu,US,2022-09-18 22:54:26,34.005,-118.8101,82.42,76,1,1.99
212,Buraydah,SA,2022-09-18 22:56:58,26.326,43.975,88.25,15,4,6.58
213,Prince Rupert,CA,2022-09-18 22:56:59,54.3161,-130.3201,59.09,83,0,18.41
214,Constitucion,CL,2022-09-18 22:56:59,-35.3333,-72.4167,47.21,68,4,13.06
215,Gangarampur,IN,2022-09-18 22:57:00,25.4,88.5167,81.36,78,81,3.87
216,Isangel,VU,2022-09-18 22:57:00,-19.55,169.2667,82.51,69,75,4.61
217,Inta,RU,2022-09-18 22:57:00,66.0317,60.1659,47.48,97,100,7.94
218,Black River,JM,2022-09-18 22:57:01,18.0264,-77.8487,82.72,75,45,3.58
219,Saint-Augustin,CA,2022-09-18 22:57:02,51.226,-58.6502,44.71,69,100,19.35
220,Lagoa,PT,2022-09-18 22:57:02,39.05,-27.9833,73.27,89,98,10.11
221,Pombas,CV,2022-09-18 22:57:03,17.1503,-25.0201,76.78,72,62,12.8
222,Hofn,IS,2022-09-18 22:57:03,64.2539,-15.2082,45.66,72,8,4.72
223,Maragogi,BR,2022-09-18 22:57:04,-9.0122,-35.2225,74.53,78,8,8.59
224,Gazojak,TM,2022-09-18 22:57:04,41.1875,61.4036,69.75,21,9,10.42
225,Manggar,ID,2022-09-18 22:58:05,-2.8833,108.2667,78.78,82,100,5.82
226,Takoradi,GH,2022-09-18 22:58:07,4.8845,-1.7554,74.75,91,32,8.14
227,Bathsheba,BB,2022-09-18 22:58:08,13.2167,-59.5167,83.01,78,40,12.66
228,Sungaipenuh,ID,2022-09-18 22:58:09,-2.0833,101.3833,64.71,92,100,1.54
229,Terney,RU,2022-09-18 22:58:09,45.0503,136.6092,61.52,67,6,8.05
230,Kodiak,US,2022-09-18 22:54:49,57.79,-152.4072,55.08,84,100,7.16
231,La Roda,ES,2022-09-18 22:58:11,39.2167,-2.15,66.9,81,100,12.3
232,Russell,US,2022-09-18 22:58:12,32.3502,-85.1999,84.96,44,0,4.45
233,Kahului,US,2022-09-18 22:58:13,20.8947,-156.47,86.97,73,64,10.0
234,Arinos,BR,2022-09-18 22:58:14,-15.9169,-46.1056,80.22,42,26,2.46
235,Souillac,MU,2022-09-18 22:58:14,-20.5167,57.5167,71.98,78,40,11.5
236,Plaster Rock,CA,2022-09-18 22:58:15,46.9065,-67.39,52.95,57,100,4.27
237,Bathurst,AU,2022-09-18 22:58:15,-33.4166,149.5806,53.96,67,61,15.57
238,Saldanha,ZA,2022-09-18 22:58:16,-33.0117,17.9442,53.65,69,56,23.85
239,Kosh-Agach,RU,2022-09-18 22:58:16,50.0,88.6667,31.37,69,0,1.97
240,Jiuquan,CN,2022-09-18 22:58:16,39.7432,98.5174,65.14,38,100,8.75
241,Makakilo City,US,2022-09-18 22:55:42,21.3469,-158.0858,84.0,73,100,14.97
242,Grindavik,IS,2022-09-18 22:58:17,63.8424,-22.4338,48.67,87,100,32.21
243,Camden,US,2022-09-18 22:53:56,39.7835,-74.9663,80.71,56,1,1.01
244,Half Moon Bay,US,2022-09-18 22:58:19,37.4636,-122.4286,70.05,76,40,26.46
245,Marsh Harbour,BS,2022-09-18 22:58:21,26.5412,-77.0636,84.06,66,90,10.85
246,Progreso,MX,2022-09-18 22:58:22,21.2833,-89.6667,87.12,78,3,14.54
247,Yinchuan,CN,2022-09-18 22:58:22,38.4681,106.2731,62.42,60,98,22.19
248,Kars,TR,2022-09-18 22:58:23,40.602,43.095,60.57,42,0,0.81
249,Bethel,US,2022-09-18 22:56:27,41.3712,-73.414,79.48,70,75,3.0
250,Muros,ES,2022-09-18 22:58:24,42.7762,-9.0603,72.16,78,100,7.25
251,Lumphat,KH,2022-09-18 22:58:25,13.4878,106.9816,72.82,99,100,1.95
252,Erenhot,CN,2022-09-18 22:58:25,43.6475,111.9767,50.79,31,99,8.5
253,Ewo,CG,2022-09-18 22:58:26,-0.8725,14.8206,73.47,89,100,0.47
254,Pacific Grove,US,2022-09-18 22:58:26,36.6177,-121.9166,66.42,81,100,17.0
255,Lumajang,ID,2022-09-18 22:58:26,-8.1335,113.2248,75.07,89,97,2.68
256,Darien,US,2022-09-18 22:57:10,41.752,-87.974,86.7,60,20,8.05
257,Naze,JP,2022-09-18 22:58:27,28.3667,129.4833,79.72,86,100,19.42
258,Agirish,RU,2022-09-18 22:58:27,61.9247,63.0231,46.33,87,27,7.47
259,Lazarev,RU,2022-09-18 22:58:28,52.225,141.5131,60.17,82,97,21.18
260,Makasar,ID,2022-09-18 22:56:31,-5.14,119.4221,73.45,94,20,2.3
261,Vikhorevka,RU,2022-09-18 22:58:29,56.1201,101.1636,38.79,89,83,2.62
262,Kasongo,CD,2022-09-18 22:58:29,-4.45,26.6667,68.27,94,100,6.46
263,Northam,GB,2022-09-18 22:58:29,51.0333,-4.2167,51.62,87,22,5.21
264,Chapleau,CA,2022-09-18 22:58:30,47.8405,-83.4034,62.69,100,100,4.61
265,East London,ZA,2022-09-18 22:56:17,-33.0153,27.9116,59.25,89,100,8.14
266,Ixtapa,MX,2022-09-18 22:58:30,20.7,-105.2,83.23,83,100,1.01
267,Namibe,AO,2022-09-18 22:58:30,-15.1961,12.1522,61.72,86,78,9.66
268,Bara,NG,2022-09-18 22:58:31,10.3744,10.7288,73.45,94,100,5.88
269,Nouadhibou,MR,2022-09-18 22:58:31,20.931,-17.0347,73.38,83,0,18.41
270,Puerto Madryn,AR,2022-09-18 22:58:32,-42.7692,-65.0385,45.91,58,100,17.47
271,Qaqortoq,GL,2022-09-18 22:59:33,60.7167,-46.0333,46.36,86,97,4.0
272,Abu Kamal,SY,2022-09-18 22:59:33,34.4506,40.9171,85.41,15,0,8.86
273,Rawson,AR,2022-09-18 22:59:34,-43.3002,-65.1023,45.48,61,100,15.7
274,Novyy Urengoy,RU,2022-09-18 22:59:35,66.0833,76.6333,48.02,94,100,8.48
275,Narsaq,GL,2022-09-18 22:59:35,60.9167,-46.05,47.39,76,98,4.21
276,Port-Gentil,GA,2022-09-18 22:59:36,-0.7193,8.7815,76.96,83,75,11.5
277,San Angelo,US,2022-09-18 22:59:37,31.4638,-100.437,94.6,30,0,5.99
278,Vestmannaeyjar,IS,2022-09-18 22:59:37,63.4427,-20.2734,48.56,87,100,31.56
279,Iquitos,PE,2022-09-18 22:54:59,-3.7481,-73.2472,87.84,62,20,1.14
280,Fort Nelson,CA,2022-09-18 22:59:38,58.8053,-122.7002,60.39,41,75,18.41
281,Idanre,NG,2022-09-18 22:59:38,7.1127,5.1159,70.61,99,100,3.6
282,Kirgiz-Miyaki,RU,2022-09-18 22:59:38,53.6324,54.7979,63.59,63,100,10.74
283,Port Blair,IN,2022-09-18 22:59:39,11.6667,92.75,82.44,78,40,10.36
284,Yulara,AU,2022-09-18 22:59:39,-25.2406,130.9889,66.02,25,0,10.07
285,Namatanai,PG,2022-09-18 22:59:40,-3.6667,152.4333,82.08,75,93,6.4
286,Pisco,PE,2022-09-18 22:54:57,-13.7,-76.2167,64.45,77,0,8.05
287,Rodrigues Alves,BR,2022-09-18 22:59:42,-7.738,-72.6509,88.0,46,44,3.51
288,Carupano,VE,2022-09-18 22:59:42,10.6678,-63.2585,81.23,82,68,6.13
289,Manzanillo,CU,2022-09-18 22:59:43,20.3433,-77.1167,84.47,67,38,5.84
290,Bayanday,RU,2022-09-18 22:59:43,53.0661,105.5139,33.58,83,20,2.86
291,Vao,NC,2022-09-18 22:59:44,-22.6667,167.4833,73.38,73,100,11.88
292,Jalu,LY,2022-09-18 22:59:45,29.0331,21.5482,82.98,23,0,7.25
293,Cartagena,CO,2022-09-18 22:59:46,10.3997,-75.5144,76.62,94,75,6.91
294,Shalinskoye,RU,2022-09-18 22:59:46,55.7228,93.7594,39.04,86,82,5.1
295,Yadrin,RU,2022-09-18 22:59:47,55.9405,46.2062,60.06,93,98,12.57
296,Guangyuan,CN,2022-09-18 22:59:48,32.442,105.823,70.23,96,100,3.42
297,Esna,EG,2022-09-18 22:59:49,25.2934,32.554,78.82,21,0,5.59
298,Nyaunglebin,MM,2022-09-18 22:59:50,17.95,96.7333,74.39,94,97,3.27
299,Sao Gabriel Da Cachoeira,BR,2022-09-18 22:59:51,-0.1303,-67.0892,80.96,71,100,1.81
300,Komsomolskiy,UZ,2022-09-18 22:59:51,40.4272,71.7189,65.12,45,31,6.91
301,Grand Gaube,MU,2022-09-18 22:55:07,-20.0064,57.6608,72.0,73,2,7.0
302,Tuatapere,NZ,2022-09-18 22:59:06,-46.1333,167.6833,52.14,80,100,6.96
303,Gudari,IN,2022-09-18 22:59:54,19.35,83.7833,75.02,97,100,1.95
304,Lakatoro,VU,2022-09-18 22:59:54,-16.0999,167.4164,82.02,74,100,16.6
305,Bosaso,SO,2022-09-18 22:59:55,11.2842,49.1816,89.58,48,8,4.43
306,Polunochnoye,RU,2022-09-18 22:59:56,60.8697,60.4153,45.0,83,99,4.03
307,Korla,CN,2022-09-18 22:59:57,41.7597,86.1469,67.68,24,24,8.43
308,Yar-Sale,RU,2022-09-18 22:59:57,66.8333,70.8333,45.5,95,100,11.9
309,Cabo San Lucas,MX,2022-09-18 22:59:58,22.8909,-109.9124,93.61,75,90,11.9
310,Karla,EE,2022-09-18 22:59:59,59.3723,24.9275,48.97,100,75,0.0
311,Mehamn,NO,2022-09-18 23:00:01,71.0357,27.8492,44.55,100,75,16.11
312,Jhang,PK,2022-09-18 23:00:02,33.6748,72.6963,74.61,65,0,3.49
313,Salcininkai,LT,2022-09-18 23:00:04,54.3,25.3833,50.09,91,100,7.63
314,Aranos,NA,2022-09-18 23:00:05,-24.1333,19.1167,57.29,24,2,11.03
315,North Battleford,CA,2022-09-18 23:00:07,52.7834,-108.2847,68.4,30,19,12.84
316,Khandyga,RU,2022-09-18 23:00:07,62.6667,135.6,32.77,96,100,5.59
317,Hvide Sande,DK,2022-09-18 23:00:09,56.0045,8.1294,57.22,69,8,14.52
318,Kendal,GB,2022-09-18 23:01:10,54.3268,-2.7476,52.59,97,56,2.64
319,Lao Cai,VN,2022-09-18 23:01:11,22.4833,103.95,74.05,98,99,1.39
320,Olga,RU,2022-09-18 23:01:12,43.7444,135.2892,60.94,63,81,7.7
321,Pangody,RU,2022-09-18 23:01:14,65.85,74.4859,48.24,95,100,8.48
322,Kampene,CD,2022-09-18 23:01:15,-3.6,26.6667,66.94,99,100,3.67
323,Derzhavinsk,KZ,2022-09-18 23:01:16,51.1,66.3167,54.64,30,0,6.78
324,Altamont,US,2022-09-18 23:01:18,42.2068,-121.7372,67.77,38,94,3.0
325,Wajima,JP,2022-09-18 23:01:18,37.4,136.9,81.07,78,100,3.65
326,Vanavara,RU,2022-09-18 23:01:19,60.34,102.2797,43.63,99,100,5.48
327,Adrar,MR,2022-09-18 23:01:21,20.5022,-10.0711,88.59,26,68,7.92
328,Abu Zabad,SD,2022-09-18 23:01:21,12.35,29.25,77.9,72,87,7.9
329,Kaka,TM,2022-09-18 23:01:22,37.3482,59.6143,70.86,31,0,2.57
330,Muli,MV,2022-09-18 23:01:23,2.9167,73.5667,81.55,71,100,8.03
331,Mankono,CI,2022-09-18 23:01:24,8.0586,-6.1897,70.86,91,41,3.47
332,Kargil,IN,2022-09-18 23:01:25,34.5667,76.1,50.43,49,0,4.29
333,Mazamari,PE,2022-09-18 23:01:26,-11.3258,-74.5308,79.43,64,93,0.74
334,Tsogni,GA,2022-09-18 23:01:27,-2.7942,10.0988,74.32,88,100,6.17
335,Omboue,GA,2022-09-18 23:01:28,-1.5746,9.2618,76.14,84,94,7.31
336,Maanshan,CN,2022-09-18 23:01:29,31.6957,118.4983,70.18,84,22,9.37
337,Palauig,PH,2022-09-18 23:01:29,15.435,119.9045,79.86,82,85,8.72
338,Lasa,IT,2022-09-18 23:01:30,46.6166,10.7002,43.7,79,62,6.96
339,Nixa,US,2022-09-18 23:01:31,37.0434,-93.2944,90.36,59,44,5.99
340,Mnogovershinnyy,RU,2022-09-18 23:01:31,53.9353,139.9242,52.12,93,99,9.28
341,Xifeng,CN,2022-09-18 23:01:32,42.7372,124.7222,49.73,67,43,3.36
342,West Wendover,US,2022-09-18 23:01:32,40.7391,-114.0733,81.01,14,62,25.28
343,Ilulissat,GL,2022-09-18 23:01:33,69.2167,-51.1,37.42,100,100,1.14
344,Gamba,GA,2022-09-18 23:01:33,-2.65,10.0,75.11,87,100,6.46
345,Sakakah,SA,2022-09-18 23:01:09,29.9697,40.2064,83.91,16,0,6.98
346,Mananjary,MG,2022-09-18 23:01:33,-21.2167,48.3333,65.43,91,15,4.29
347,Meulaboh,ID,2022-09-18 23:01:34,4.1363,96.1285,74.35,85,91,2.55
348,Calabozo,VE,2022-09-18 23:01:35,8.9242,-67.4293,76.82,91,100,3.49
349,Touros,BR,2022-09-18 23:01:36,-5.1989,-35.4608,77.45,80,17,16.84
350,Ugoofaaru,MV,2022-09-18 23:01:37,5.6667,73.0,80.98,75,100,8.21
351,Sosnovo-Ozerskoye,RU,2022-09-18 23:01:38,52.5249,111.5418,28.85,71,2,5.14
352,Hargeysa,SO,2022-09-18 23:01:39,9.56,44.065,75.87,45,30,15.37
353,Wencheng,CN,2022-09-18 23:01:40,33.0559,113.7978,68.2,79,17,7.0
354,Kalmunai,LK,2022-09-18 23:01:41,7.4167,81.8167,79.2,78,100,4.05
355,Miles City,US,2022-09-18 23:01:43,46.4083,-105.8406,81.3,23,29,9.91
356,Bulawayo,ZW,2022-09-18 23:00:28,-20.15,28.5833,65.16,33,0,4.83
357,Antofagasta,CL,2022-09-18 23:00:07,-23.65,-70.4,59.07,72,4,8.43
358,Vila Franca Do Campo,PT,2022-09-18 23:01:45,37.7167,-25.4333,72.01,91,21,3.29
359,College,US,2022-09-18 23:01:46,64.8569,-147.8028,57.58,56,87,1.01
360,Lesozavodsk,RU,2022-09-18 23:01:46,45.4794,133.4244,51.53,77,0,15.7
361,Guapi,CO,2022-09-18 23:01:47,2.5708,-77.8854,75.47,92,87,6.42
362,Udobnaya,RU,2022-09-18 23:02:48,44.1932,41.5529,67.44,40,2,5.79
363,Petropavlovsk-Kamchatskiy,RU,2022-09-18 23:02:49,53.0452,158.6483,41.59,70,0,6.71
364,Te Anau,NZ,2022-09-18 23:00:57,-45.4167,167.7167,46.67,95,100,1.34
365,California City,US,2022-09-18 23:02:51,35.1258,-117.9859,78.94,31,0,21.85
366,Nisia Floresta,BR,2022-09-18 23:02:51,-6.0911,-35.2086,75.42,81,44,11.39
367,Beaverlodge,CA,2022-09-18 23:00:51,55.2166,-119.4361,56.1,61,100,8.28
368,Sayyan,YE,2022-09-18 23:02:52,15.1718,44.3244,65.59,44,95,7.0
369,Llaillay,CL,2022-09-18 23:02:53,-32.85,-70.9667,54.25,71,87,4.45
370,Mandalgovi,MN,2022-09-18 23:02:54,45.7625,106.2708,34.7,57,1,8.86
371,Tucuma,BR,2022-09-18 23:01:51,-0.1833,-50.05,79.95,76,81,9.28
372,Bambous Virieux,MU,2022-09-18 23:02:10,-20.3428,57.7575,71.85,73,40,11.5
373,Hervey Bay,AU,2022-09-18 23:02:57,-25.2986,152.8535,73.02,82,0,8.99
374,Iqaluit,CA,2022-09-18 23:01:18,63.7506,-68.5145,43.7,65,7,15.01
375,Sabya,SA,2022-09-18 23:02:58,17.1495,42.6254,88.57,73,32,5.93
376,Kuching,MY,2022-09-18 23:02:59,1.55,110.3333,75.42,94,40,1.14
377,Oranjestad,AW,2022-09-18 23:03:00,12.524,-70.027,84.29,76,70,10.94
378,Gondanglegi,ID,2022-09-18 23:03:01,-7.7479,112.0132,74.95,86,50,11.27
379,Acapulco,MX,2022-09-18 23:02:42,16.8634,-99.8901,77.97,89,99,7.34
380,Mangan,IN,2022-09-18 23:03:02,27.5167,88.5333,72.7,79,52,4.07
381,Arman,RU,2022-09-18 23:03:02,59.7,150.1667,47.07,69,100,5.17
382,Dunedin,NZ,2022-09-18 23:03:03,-45.8742,170.5036,50.81,83,100,6.33
383,Harrison,US,2022-09-18 23:03:05,30.4091,-89.0436,85.05,77,0,10.36
384,Haines Junction,CA,2022-09-18 23:03:06,60.7522,-137.5108,53.82,54,75,3.87
385,Sao Felix Do Xingu,BR,2022-09-18 23:03:07,-6.6447,-51.995,82.13,52,56,0.43
386,Igarka,RU,2022-09-18 23:03:08,67.4667,86.5833,42.58,91,98,11.5
387,Yeppoon,AU,2022-09-18 23:03:09,-23.1333,150.7333,71.38,75,1,3.4
388,Kilindoni,TZ,2022-09-18 23:03:10,-7.9139,39.6668,75.81,79,43,15.57
389,Hambantota,LK,2022-09-18 23:03:11,6.1241,81.1185,78.98,83,100,14.52
390,Aswan,EG,2022-09-18 23:03:12,24.0934,32.907,83.48,19,2,8.23
391,Varhaug,NO,2022-09-18 23:03:12,58.6147,5.6457,52.48,80,3,17.45
392,Goderich,CA,2022-09-18 23:03:13,43.7501,-81.7165,76.91,72,60,8.88
393,Gundlupet,IN,2022-09-18 23:03:14,11.8,76.6833,66.54,96,79,3.87
394,Huilong,CN,2022-09-18 23:03:15,31.8111,121.655,74.93,71,1,21.88
395,Mana,GF,2022-09-18 23:03:15,5.6592,-53.7767,80.58,79,85,12.59
396,Ipil,PH,2022-09-18 23:03:16,7.75,122.5167,79.03,82,77,2.86
397,Kieta,PG,2022-09-18 23:03:16,-6.2167,155.6333,82.87,76,100,7.14
398,Kyren,RU,2022-09-18 23:03:17,51.6828,102.1408,38.05,77,1,2.59
399,Ha Giang,VN,2022-09-18 23:03:17,22.8333,104.9833,75.0,95,99,1.9
400,Hobyo,SO,2022-09-18 23:03:18,5.3505,48.5268,76.3,82,84,23.94
401,Ventspils,LV,2022-09-18 23:03:18,57.3894,21.5606,53.53,87,75,5.75
402,Kabo,CF,2022-09-18 23:03:19,7.6994,18.629,69.06,97,30,1.92
403,Zhigalovo,RU,2022-09-18 23:03:19,54.8097,105.1578,35.33,93,99,2.48
404,Port Moresby,PG,2022-09-18 23:03:20,-9.4431,147.1797,82.04,72,83,3.67
405,Tilichiki,RU,2022-09-18 23:03:20,60.4667,166.1,44.02,51,0,8.63
406,Santa Gertrudis,MX,2022-09-18 23:03:20,19.7333,-99.3667,65.52,89,99,3.27
407,Mackay,AU,2022-09-18 23:02:31,-21.15,149.2,81.68,81,8,7.23
408,Palmer,US,2022-09-18 23:04:22,42.1584,-72.3287,77.32,68,75,6.91
409,San Javier,ES,2022-09-18 23:04:22,37.8063,-0.8374,78.51,62,40,14.97
410,Hilter,DE,2022-09-18 23:04:23,52.15,8.15,49.53,94,58,12.64
411,Kangaatsiaq,GL,2022-09-18 23:04:23,68.3065,-53.4641,39.02,91,92,13.49
412,Tortoli,IT,2022-09-18 23:04:24,39.9256,9.6572,65.89,55,36,5.41
413,San Cristobal,VE,2022-09-18 23:01:18,7.7669,-72.225,68.81,93,18,3.31
414,Dzerzhinskoye,RU,2022-09-18 23:04:26,56.8344,95.2283,41.5,81,61,2.55
415,Rojhan,PK,2022-09-18 23:04:27,28.6868,69.9534,84.4,42,0,11.12
416,Avera,US,2022-09-18 23:04:27,33.194,-82.5271,83.55,62,88,6.24
417,Watsa,CD,2022-09-18 23:04:27,3.0372,29.5355,62.85,98,82,1.74
418,Visselhovede,DE,2022-09-18 23:04:28,52.9833,9.6,49.64,93,42,8.86
419,Doha,QA,2022-09-18 23:04:28,25.2867,51.5333,89.49,55,0,10.36
420,Zykovo,RU,2022-09-18 23:04:28,55.9519,93.1461,30.94,83,72,3.98
421,Havoysund,NO,2022-09-18 23:02:21,70.9963,24.6622,46.63,85,100,18.03
422,Sinegorskiy,RU,2022-09-18 23:04:29,48.0139,40.8447,70.88,58,82,7.29
423,Rupert,US,2022-09-18 23:04:30,42.6191,-113.6772,80.55,22,0,14.97
424,Ngunguru,NZ,2022-09-18 23:04:31,-35.6167,174.5,62.42,80,98,19.69
425,Vakhrushev,RU,2022-09-18 23:04:32,48.9833,142.9667,60.1,93,50,7.4
426,Yuza,JP,2022-09-18 23:04:32,39.0,139.9167,80.22,82,100,9.53
427,Japura,ID,2022-09-18 23:04:33,-0.3167,102.35,73.45,96,100,1.86
428,Boyolangu,ID,2022-09-18 23:04:33,-8.1181,111.8935,74.89,89,78,5.28
429,Urubicha,BO,2022-09-18 23:04:34,-15.3833,-62.95,93.52,26,34,5.44
430,Mtambile,TZ,2022-09-18 23:04:35,-5.3833,39.7,74.93,85,10,11.32
431,Crevedia,RO,2022-09-18 23:04:36,44.6,25.9333,53.67,62,0,10.36
432,Fairbanks,US,2022-09-18 23:01:43,64.8378,-147.7164,57.6,55,86,1.01
433,Lhokseumawe,ID,2022-09-18 23:04:37,5.1801,97.1507,75.58,86,97,3.98
434,Poya,NC,2022-09-18 23:04:38,-21.35,165.15,79.99,62,3,3.36
435,Pandan,PH,2022-09-18 23:04:39,14.0453,124.1694,82.65,76,99,9.1
436,Mount Gambier,AU,2022-09-18 23:04:40,-37.8333,140.7667,53.6,71,12,7.18
437,Vila Velha,BR,2022-09-18 23:00:29,-20.3297,-40.2925,67.95,76,37,1.99
438,Ostrovnoy,RU,2022-09-18 23:04:41,68.0531,39.5131,46.94,96,100,6.69
439,Rabak,SD,2022-09-18 23:04:41,13.1809,32.74,79.93,65,84,9.57
440,Bure,ET,2022-09-18 23:04:41,10.7,37.0667,54.32,92,83,4.43
441,Puerto Colombia,CO,2022-09-18 23:04:42,10.9878,-74.9547,80.69,75,42,8.57
442,Morayfield,AU,2022-09-18 23:04:42,-27.1167,152.95,74.91,32,0,2.89
443,Oleksandrivka,UA,2022-09-18 23:04:42,48.9634,32.2349,51.57,76,100,18.05
444,Obo,CF,2022-09-18 23:04:43,5.3998,26.4869,66.87,97,67,2.28
445,Mangaratiba,BR,2022-09-18 23:04:44,-22.9597,-44.0406,62.78,77,16,2.13
446,Rock Sound,BS,2022-09-18 22:59:57,24.9,-76.2,83.66,71,7,9.95
447,Lasem,ID,2022-09-18 23:04:45,-6.6922,111.4527,76.3,83,36,5.99
448,Samoded,RU,2022-09-18 23:04:46,63.6083,40.5111,44.06,98,56,4.29
449,Pimentel,PE,2022-09-18 23:04:46,-6.8367,-79.9342,62.89,77,40,19.57
450,Cabras,IT,2022-09-18 23:04:47,39.93,8.5314,63.84,69,20,5.39
451,Sola,VU,2022-09-18 23:01:19,-13.8833,167.55,80.4,80,93,23.31
452,Uribia,CO,2022-09-18 23:05:48,11.7139,-72.266,82.02,76,72,10.87
453,Punta Alta,AR,2022-09-18 23:05:51,-38.8759,-62.0736,52.12,98,100,11.32
454,Ust-Uda,RU,2022-09-18 23:05:51,54.1742,103.0304,38.21,87,23,2.86
455,Viedma,AR,2022-09-18 23:05:52,-40.8135,-62.9967,46.13,95,100,22.82
456,Srivardhan,IN,2022-09-18 23:05:53,18.0333,73.0167,75.4,86,72,3.65
457,Lompoc,US,2022-09-18 23:05:53,34.6391,-120.4579,75.61,58,100,16.11
458,Comodoro Rivadavia,AR,2022-09-18 23:05:54,-45.8667,-67.5,42.66,65,100,5.75
459,Cristalina,BR,2022-09-18 23:05:55,-16.7686,-47.6136,72.45,51,69,1.9
460,Bahile,PH,2022-09-18 23:05:55,9.9995,118.7878,78.78,86,83,1.68
461,Vagur,FO,2022-09-18 23:05:56,61.4732,-6.8119,48.49,67,100,9.73
462,Vanimo,PG,2022-09-18 23:01:20,-2.6741,141.3028,81.03,80,69,3.2
463,Sinnamary,GF,2022-09-18 23:05:57,5.3833,-52.95,79.74,81,94,11.14
464,Deputatskiy,RU,2022-09-18 23:05:58,69.3,139.9,29.84,85,100,4.14
465,Ibirama,BR,2022-09-18 23:05:58,-27.0569,-49.5178,58.68,98,77,3.98
466,Bay Roberts,CA,2022-09-18 23:05:59,47.5999,-53.2648,54.34,78,31,5.01
467,Belousovka,KZ,2022-09-18 23:05:59,50.1339,82.5239,29.25,64,0,2.24
468,Roma,US,2022-09-18 23:04:31,43.2128,-75.4557,72.09,95,75,3.44
469,San Pedro,PH,2022-09-18 23:06:01,14.35,121.0167,77.36,94,100,6.11
470,Mogadishu,SO,2022-09-18 23:06:02,2.0371,45.3438,76.82,86,83,15.52
471,Tran,BG,2022-09-18 23:06:03,42.8353,22.6517,42.31,72,0,3.22
472,Melito Di Porto Salvo,IT,2022-09-18 23:06:03,37.9222,15.7714,74.73,68,40,1.14
473,San Francisco,US,2022-09-18 23:04:31,37.7749,-122.4194,71.69,80,75,27.63
474,Puurmani,EE,2022-09-18 23:06:06,58.5738,26.2878,50.22,86,100,4.74
475,Mayo,US,2022-09-18 23:06:07,38.8876,-76.5119,82.94,71,0,5.75
476,Akureyri,IS,2022-09-18 23:06:08,65.6835,-18.0878,47.86,75,27,8.12
477,George Town,MY,2022-09-18 23:06:08,5.4112,100.3354,78.89,89,20,0.0
478,Tambura,SS,2022-09-18 23:06:09,5.6,27.4667,68.04,95,45,3.65
479,Sao Jose Do Belmonte,BR,2022-09-18 23:06:11,-7.8614,-38.7597,78.57,41,95,13.29
480,Bahia Blanca,AR,2022-09-18 23:06:11,-38.7196,-62.2724,52.21,98,100,5.01
481,Gao,ML,2022-09-18 23:02:23,16.6362,1.637,85.62,44,74,2.1
482,Litovko,RU,2022-09-18 23:06:12,49.2361,135.1742,49.68,86,96,11.83
483,San Ignacio,BZ,2022-09-18 23:06:12,17.1561,-89.0714,73.54,100,0,4.61
484,Vladyslavivka,UA,2022-09-18 23:06:12,45.1667,35.3667,64.29,53,100,14.58
485,Marrakesh,MA,2022-09-18 23:06:13,31.6315,-8.0083,73.47,64,40,8.05
486,Salinas,US,2022-09-18 23:06:13,36.6777,-121.6555,68.99,73,100,17.27
487,Davila,PH,2022-09-18 23:05:58,18.4726,120.5763,80.82,80,98,11.34
488,Cimislia,MD,2022-09-18 23:06:15,46.52,28.7842,46.54,58,1,13.31
489,Norrkoping,SE,2022-09-18 23:04:06,58.5942,16.1826,52.79,86,100,3.44
490,San Borja,BO,2022-09-18 23:06:15,-14.8167,-66.85,83.14,55,46,3.4
491,San Jeronimo,PE,2022-09-18 23:06:16,-11.9472,-75.2829,57.42,62,49,2.62
492,Ormara,PK,2022-09-18 23:02:11,25.2088,64.6357,79.32,79,0,3.53
493,Lokosovo,RU,2022-09-18 23:06:16,61.1333,74.8167,49.53,95,87,12.48
494,Husavik,IS,2022-09-18 23:06:17,66.0449,-17.3389,47.19,75,32,9.26
495,Gari,RU,2022-09-18 23:02:19,59.4307,62.3497,46.08,82,96,5.03
496,Los Llanos De Aridane,ES,2022-09-18 23:07:17,28.6585,-17.9182,69.55,95,0,3.44
497,Rosetta,EG,2022-09-18 23:07:18,31.4044,30.4164,74.64,67,0,6.22
498,Ossora,RU,2022-09-18 23:07:19,59.2353,163.0719,48.9,43,2,3.49
499,Port Hawkesbury,CA,2022-09-18 23:07:20,45.6169,-61.3485,52.59,72,87,3.0
500,Leh,IN,2022-09-18 23:06:10,34.1667,77.5833,52.32,33,0,2.13
501,Verkh-Usugli,RU,2022-09-18 23:07:21,52.7,115.1667,28.11,57,6,2.51
502,Ilinskoye-Khovanskoye,RU,2022-09-18 23:07:22,56.9718,39.7684,51.64,98,100,10.67
503,Fairlie,GB,2022-09-18 23:07:23,55.756,-4.8556,53.51,89,15,6.24
504,Oranjemund,NA,2022-09-18 23:07:23,-28.55,16.4333,52.43,88,19,8.12
505,Waipawa,NZ,2022-09-18 23:07:24,-41.4122,175.5153,55.67,66,100,9.82
506,Bakchar,RU,2022-09-18 23:07:24,57.0186,82.0711,48.27,65,85,8.59
507,Coquimbo,CL,2022-09-18 23:07:25,-29.9533,-71.3436,55.13,76,0,12.66
508,Belaya Gora,RU,2022-09-18 23:07:25,68.5333,146.4167,41.65,50,100,13.22
509,Seduva,LT,2022-09-18 23:07:26,55.7667,23.7667,46.83,95,100,7.63
510,Batagay,RU,2022-09-18 23:07:26,67.6333,134.6333,32.43,94,100,8.84
511,Bocas Del Toro,PA,2022-09-18 23:07:26,9.3333,-82.25,79.9,78,100,5.53
512,San Quintin,MX,2022-09-18 23:05:23,30.4833,-115.95,71.74,65,0,14.83
513,Ciudad Bolivar,VE,2022-09-18 23:07:27,8.1222,-63.5497,85.59,62,87,0.43
514,Portland,US,2022-09-18 23:04:10,45.5234,-122.6762,79.93,44,100,10.36
515,Waitara,NZ,2022-09-18 23:07:27,-38.925,174.25,57.22,93,100,23.4
516,Coahuayana,MX,2022-09-18 23:07:29,18.7333,-103.6833,76.23,96,100,4.16
517,Biak,ID,2022-09-18 23:07:29,-0.9131,122.8766,77.34,79,77,3.87
518,Raudeberg,NO,2022-09-18 23:07:30,61.9875,5.1352,48.87,69,75,21.09
519,Clarence Town,AU,2022-09-18 23:07:30,-32.5833,151.7833,63.99,56,100,9.73
520,Inhambane,MZ,2022-09-18 23:07:30,-23.865,35.3833,72.25,90,1,14.58
521,Tenenkou,ML,2022-09-18 23:07:31,14.4572,-4.9169,81.41,68,78,10.6
522,Bilibino,RU,2022-09-18 23:07:31,68.0546,166.4372,30.67,77,93,2.53
523,Soe,ID,2022-09-18 23:07:32,-9.8607,124.284,71.56,57,68,3.44
524,Aras,ES,2022-09-18 23:07:32,42.5617,-2.356,57.61,77,0,1.14
525,Saint-Georges,GD,2022-09-18 23:07:33,12.0564,-61.7485,83.88,84,20,11.5
526,Oussouye,SN,2022-09-18 23:03:09,12.485,-16.5469,76.86,85,100,2.93
527,San Patricio,US,2022-09-18 23:07:34,28.017,-97.5169,91.35,60,63,14.0
528,Kalispell,US,2022-09-18 23:07:34,48.1958,-114.3129,72.5,35,0,4.61
529,Waingapu,ID,2022-09-18 23:07:34,-9.6567,120.2641,78.35,75,17,3.56
530,San Vicente,AR,2022-09-18 23:07:35,-26.6167,-54.1333,62.76,59,0,3.74
531,Riyadh,SA,2022-09-18 23:03:37,24.6877,46.7219,85.86,16,0,7.54
532,Mitu,CO,2022-09-18 23:07:35,1.1983,-70.1733,80.2,70,98,2.39
533,Sfantu Gheorghe,RO,2022-09-18 23:07:35,45.8667,25.7833,47.93,69,24,12.88
534,Le Vauclin,MQ,2022-09-18 23:07:36,14.5452,-60.8388,80.65,89,64,4.61
535,Swan River,CA,2022-09-18 23:07:37,52.1058,-101.2676,72.59,36,41,9.33
536,Cubuk,TR,2022-09-18 23:03:08,40.2386,33.0322,67.77,63,0,1.14
537,Hamilton,US,2022-09-18 23:04:55,39.1834,-84.5333,82.44,60,40,6.91
538,Soure,BR,2022-09-18 23:07:40,-0.7167,-48.5233,80.1,78,87,13.22
539,Yaan,NG,2022-09-18 23:07:40,7.3833,8.5667,72.32,94,92,8.97
540,Valleyview,CA,2022-09-18 23:04:49,55.0667,-117.2859,59.31,54,97,8.16
541,Brae,GB,2022-09-18 23:08:41,60.3964,-1.353,47.28,70,71,10.71
542,Maniitsoq,GL,2022-09-18 23:08:42,65.4167,-52.9,46.06,74,100,10.96
543,Ukiah,US,2022-09-18 23:08:42,39.1502,-123.2078,63.37,90,100,5.75
544,Statesville,US,2022-09-18 23:08:43,35.7826,-80.8873,79.25,60,0,0.0
545,Pokrovsk,UA,2022-09-18 23:08:44,48.282,37.1758,53.8,60,81,16.46
546,Edd,ER,2022-09-18 23:08:44,13.9297,41.6925,90.61,61,85,5.66
547,Sangar,RU,2022-09-18 23:08:44,63.9242,127.4739,32.74,83,21,10.96
548,Luanda,AO,2022-09-18 23:07:22,-8.8368,13.2343,71.31,90,65,9.98
549,Flin Flon,CA,2022-09-18 23:08:45,54.7682,-101.865,68.77,44,72,6.96
550,Imbituba,BR,2022-09-18 23:05:26,-28.24,-48.6703,60.76,82,20,10.27
551,Okhotsk,RU,2022-09-18 23:04:18,59.3833,143.3,44.04,85,100,27.2
552,Pahrump,US,2022-09-18 23:08:45,36.2083,-115.9839,87.85,14,0,15.99
553,Pangkalanbuun,ID,2022-09-18 23:08:45,-2.6833,111.6167,74.77,97,99,1.81
554,Hendrina,ZA,2022-09-18 23:08:46,-26.1588,29.7153,58.28,32,0,6.04
555,Lexington,US,2022-09-18 23:04:25,37.9887,-84.4777,82.29,47,40,6.91
556,Gafanha Da Encarnacao,PT,2022-09-18 23:08:48,40.6181,-8.733,73.06,80,37,3.74
557,Gimli,CA,2022-09-18 23:08:48,50.6336,-96.9907,65.35,65,100,8.84
558,Tiznit,MA,2022-09-18 23:08:48,29.5833,-9.5,65.14,77,0,3.02
559,Luis Correia,BR,2022-09-18 23:08:49,-2.8792,-41.6669,78.91,83,100,13.44
560,Broome,US,2022-09-18 23:08:49,42.2506,-75.833,74.39,77,100,6.91
561,Kyshtovka,RU,2022-09-18 23:08:49,56.555,76.6271,52.48,49,95,12.55
562,Marsa Matruh,EG,2022-09-18 23:08:50,31.3525,27.2453,76.05,82,12,8.48
563,Shelburne,CA,2022-09-18 23:08:51,44.0787,-80.2041,72.75,76,65,7.58
